{
  "type": "logistic_regression",
  "features": [
    "speed",
    "accel_mag",
    "speed_roll_mean",
    "speed_roll_std",
    "ping_ms",
    "action"
  ],
  "scaler_mean": [
    1.8621009953344718,
    2.662574916738541,
    1.6217055470031212,
    0.7873560810415153,
    51.675,
    1.6125
  ],
  "scaler_scale": [
    2.2969070296104026,
    3.753617174429818,
    1.3922822044131855,
    0.8447947148164362,
    11.960116011143036,
    1.1346117177254957
  ],
  "coef": [
    1.5538959299968766,
    1.179241996132812,
    2.0493096277997487,
    1.123287913493832,
    -0.020232361079305792,
    0.36669959805610314
  ],
  "intercept": -1.7410611632757858,
  "decision_threshold": 0.5
}