{
  "schema_version": 1,
  "type": "logistic_regression",
  "features": [
    "speed",
    "accel_mag",
    "speed_roll_mean",
    "speed_roll_std",
    "ping_ms",
    "action"
  ],
  "scaler_mean": [
    1.712807122591866,
    2.560254694559123,
    1.7430802912880614,
    0.904031401019553,
    51.8875,
    1.5208333333333333
  ],
  "scaler_scale": [
    2.0375277996599146,
    3.4004501020549305,
    1.6540543009529745,
    1.0433042277568816,
    11.841305266593993,
    1.1399850754383682
  ],
  "coef": [
    3.3787587784002993,
    1.967816583621544,
    1.9401002888900098,
    -1.0173272084609475,
    -0.1870709487368355,
    0.36321281798323213
  ],
  "intercept": -2.4707229112820324,
  "decision_threshold": 0.7,
  "notes": "trained on concatenated runs; trailing window=5; accel=diff(v)"
}