{
  "schema_version": 1,
  "type": "logistic_regression",
  "features": [
    "speed",
    "accel_mag",
    "speed_roll_mean",
    "speed_roll_std",
    "ping_ms",
    "action"
  ],
  "scaler_mean": [
    1.6791282258073654,
    2.4830056355468257,
    1.6809402890797478,
    0.8909349972859403,
    51.7125,
    1.5541666666666667
  ],
  "scaler_scale": [
    1.9514934115243012,
    3.25434053067753,
    1.5351375879516087,
    1.0117690897547986,
    12.028639868386339,
    1.1461817652051915
  ],
  "coef": [
    3.253098335818893,
    1.9483365659230092,
    1.9110237877475815,
    -1.0269700185627408,
    -0.13436437936570747,
    0.5428638517585768
  ],
  "intercept": -2.785417156862636,
  "decision_threshold": 0.7,
  "notes": "trained on concatenated runs; trailing window=5; accel=diff(v)"
}